{
  "weights": [
    -56.64539616055847,
    -1.3063996509598605,
    -0.00045631842408377183,
    -0.16713438045375217,
    -0.0014973821989528796,
    0
  ],
  "bias": -0.005
}